Artist,Title,Youtube URL,Year,Album,START,END
009 Sound System,Dreamscape,https://www.youtube.com/watch?v=TKfS5zVfGBc,,,,
009 Sound System,Speak to Angels,https://www.youtube.com/watch?v=peMBrY1kbVA,,,0:00:00,0:11:10
30 Seconds to Mars,The Kill,https://www.youtube.com/watch?v=3c4_jTnsegM,2006,A Beautiful Lie,,
Aaron Hibell,Glued 2 Deep in Time,https://www.youtube.com/watch?v=1ABmhF6a6Lw,,,,
Aaron Hibell,You Look Lonely,https://www.youtube.com/watch?v=fJMYpl75tfM,,,,
Agua Bendita,Mithrandil,https://www.youtube.com/watch?v=8cU0bIGzUxc,,,,
Akira,Kaneda's Theme,https://www.youtube.com/watch?v=Nja0Obgg2gU,,,,
Alanis Morissette,Ironic,https://www.youtube.com/watch?v=Jne9t8sHpUc,1994,Jagged Little Pill,0:00:03,0:04:06
Alcest,Opale,https://www.youtube.com/watch?v=ADIEAW65H5o,2014,Shelter,,
Alex Beroza,Drive,https://www.youtube.com/watch?v=KMSubxEEYIk,,,,
AMORPHIS,On the Dark Waters,https://www.youtube.com/watch?v=T8aH5HVx_0c,,,,
Amorphis,My Kantele,https://www.youtube.com/watch?v=UufaC2TI7dg,,,0:00:02,0:05:40
Anathema,Untouchable,https://www.youtube.com/watch?v=e-JlhNRcbXU,2012,Weather Systems,,
Annie Lennox,Don't Let It Bring You Down,https://www.youtube.com/watch?v=6cIRzBPN_J0,,,,
Apocalyptica,Quutamo,https://www.youtube.com/watch?v=QVLEQeG8UoE,,,,
Apocalyptica,Prologue (Apprehension),https://www.youtube.com/watch?v=8xHJauhs9G4,,,0:00:00,0:03:08
Armin van Buuren feat. Sharon den Adel,In and Out of Love,https://www.youtube.com/watch?v=TxvpctgU_s8,,,0:00:05,0:03:08
Asgaroth,Absence Spells Beyond,https://www.youtube.com/watch?v=_jyuUV7C_yo,,,0:00:00,0:07:33
Aurora,Running with the Wolves,https://www.youtube.com/watch?v=06ht9MyJLT4,2015,Running with the Wolves,,
Aurora,Stjernestøv,https://www.youtube.com/watch?v=2MTWu0lNVF4,2020,Stjernestøv,,
Avoure,Aura,https://www.youtube.com/watch?v=5lLVCRmdmMg,,,0:03:20,0:07:30
B-Complex,Beautiful Lies VIP,https://www.youtube.com/watch?v=tzqw_Dqa0SU,,,,
Bag Raiders,Shooting Stars,https://www.youtube.com/watch?v=feA64wXhbjo,2002,,,
Barbara Pravi,Voilà,https://www.youtube.com/watch?v=VJuD7AnV-uw,,,,
Bear McCreary,Passacaglia,https://www.youtube.com/watch?v=WSYPYq9D_No,,,,
Beast in Black,Beast in Black,https://www.youtube.com/watch?v=pdlAZj5iDc8,,,,
BEATPELLA HOUSE,Candy Thief,https://www.youtube.com/watch?v=oJ492O5Z1f4,,,,
Beirut,Elephant Gun,https://www.youtube.com/watch?v=I4z3Gp4dp5I,,,,
Beirut,Mount Wroclai,https://www.youtube.com/watch?v=aZiLTBgTIgI,,,,
Beirut,Nantes,https://www.youtube.com/watch?v=dPRYEZx01qU,2007,The Flying Club Cup,,
Beirut,Scenic World,https://www.youtube.com/watch?v=MH6Ed4V3tpo,,,,
Beirut,The Shrew,https://www.youtube.com/watch?v=ncN0a59hyV4,,,,
Beirut,Vagabond,https://www.youtube.com/watch?v=c2GWDlEU1A4,,,,
Ben Böhmer,Little Lights,https://www.youtube.com/watch?v=SQzhuKfX6UQ,,,,
Ben Böhmer,Beyond Beliefs,https://www.youtube.com/watch?v=aVTalm2VjDc,,,,
Ben Böhmer feat. Lau.ra,Erase,https://www.youtube.com/watch?v=VH2jr_yORbs,,,,
BENNET,Vois sur ton chemin,https://www.youtube.com/watch?v=ZIIT9hO1EZE,,,0:00:00,0:02:55
Blind Guardian,The Bard's Song,https://www.youtube.com/watch?v=n63UbX5kzAc,,,,
Blind Guardian,The Lord of the Rings,https://www.youtube.com/watch?v=DHTZKHQm9y0,,,0:00:00,0:03:51
Bôa,Duvet (Serial Experiment Lain Opening),https://www.youtube.com/watch?v=Uoox9fpmDP0,,,0:00:06,0:03:23
Bobby Bass,Hoist the Colours,https://www.youtube.com/watch?v=-7LnKnDg8TI,,,0:00:00,0:04:25
Bring Me the Horizon,Can You Feel My Heart,https://www.youtube.com/watch?v=QJJYpsA5tv8,,,,
Bring Me the Horizon,Throne,https://www.youtube.com/watch?v=Ow_qI_F2ZJI,,,,
Brucklyn,Breathe,https://www.youtube.com/watch?v=J5Nj-gDWtCM,,,,
Bulgarian Folklor,Kaval Sviri,https://www.youtube.com/watch?v=hVqrW-fPOQ0,,,,
Carly Rae Jepsen vs. Slipknot,Youality,https://www.youtube.com/watch?v=aIlH7s0XlsU,,,,
Chamillionaire,Ridin' Dirty,https://www.youtube.com/watch?v=CVCaSBawDpc,,,,
Chemical Brothers,The Test,https://www.youtube.com/watch?v=yhS9LnDoo_w,,,,
Chemical Brothers,Out of Control,https://www.youtube.com/watch?v=6sOpbRL8R4g,,,0:00:17,0:04:14
Chris Isaak,Wicked Game,https://www.youtube.com/watch?v=oadhHk2xs6c,,,,
Chvrches,Clearest Blue (live),https://www.youtube.com/watch?v=7XrTEjwpAjU,,,,
Clint Mansell,Lux Aeterna,https://www.youtube.com/watch?v=mQRyLP-EZRQ,,,,
Coldplay,Clocks,https://www.youtube.com/watch?v=d020hcWA_Wg,,,0:00:06,0:04:15
Corvus Corax,Ballade de Mercy,https://www.youtube.com/watch?v=Fd4pEQnDPns,,,0:00:11,0:03:48
Daft Punk,Aerodynamic,https://www.youtube.com/watch?v=L93-7vRfxNs,,,,
David Guetta feat. Makeba Riddick,If We Ever,https://www.youtube.com/watch?v=Y8rciBciVm0,,,,
David Guetta feat. Sia,She Wolf (Falling to Pieces),https://www.youtube.com/watch?v=PVzljDmoPVs,,,,
David Guetta feat. Sia,Titanium,https://www.youtube.com/watch?v=JRfuAukYTKg,,,,
David Hasselhoff,True Survivor,https://www.youtube.com/watch?v=ZTidn2dBYbY,,,0:00:22,0:04:03
DB Boulevard,Point of View,https://www.youtube.com/watch?v=SrMK8d9H_GM,,,,
Deadmau5,Crampy Bitch,https://www.youtube.com/watch?v=_6ZsDdxolvI,,,,
Deadmau5,Where Phantoms Sleep 04,https://www.youtube.com/watch?v=yYPD6ZQMI8g,,,,
Deadmau5 & Kaskade,I Remember,https://www.youtube.com/watch?v=zK1mLIeXwsQ,,,,
Delain,April Rain,https://www.youtube.com/watch?v=g-X-9UNu3Nw,,,,
Despina Vandi,GIA,https://www.youtube.com/watch?v=I0HgGnwnyCA,,,0:01:35,0:04:12
Detektivbyran,Om du Moter Varg,https://www.youtube.com/watch?v=f8NxWm8eYd4,,,,
Diorama,Gone Gone Gone,https://www.youtube.com/watch?v=wmRFXWg9uyo,,,,
Disturbed,Down with the Sickness,https://www.youtube.com/watch?v=09LTT0xwdfw,1999,The Sickness,,
Disturbed,Stupify,https://www.youtube.com/watch?v=GVcY--XzeIc,,,,
Disturbed,The Sound of Silence,https://www.youtube.com/watch?v=u9Dg-g7t2l4,,,,
Disturbed, Shout 2000,https://www.youtube.com/watch?v=icmqieTveMY,,,,
DJ Earworm,United State of Pop 2009,https://www.youtube.com/watch?v=iNzrwh2Z2hQ,,,,
Doechii,Anxiety,https://www.youtube.com/watch?v=egemoVK0IKY,,,,
Dordeduh,Descânt,https://www.youtube.com/watch?v=0hdiNCte3a4,,,,
Eagle-Eye Cherry,Save Tonight,https://www.youtube.com/watch?v=Nntd2fgMUYw,,,,
Elderbrook,Old Friend,https://www.youtube.com/watch?v=ugS6OiwQ3WU,,,,
Elderbrook feat. Bob Moses,Inner Light,https://www.youtube.com/watch?v=4DPCHufDWJQ,,,,
Electric Callboy,We Got the Moves,https://www.youtube.com/watch?v=D1NdGBldg3w,,,0:00:00,0:03:25
Elvis Presley,In the Ghetto,https://www.youtube.com/watch?v=FJ-r0bilzhU,,,,
Elvis Presley,Suspicious Minds,https://www.youtube.com/watch?v=WrMGGouem3c,,,,
Enter Shikari,Live Outside,https://www.youtube.com/watch?v=zSFSbZeShL0,,The Spark,0:00:00,0:03:22
Enya,Anywhere Is,https://www.youtube.com/watch?v=EZ98IJ0usoE,,,,
Enya,Caribbean Blue,https://www.youtube.com/watch?v=Jl8iYAo90pE,,,,
Enya,Only Time,https://www.youtube.com/watch?v=7wfYIMyS_dI,,,,
Enya,Orinoco Flow,https://www.youtube.com/watch?v=LTrk4X9ACtw,,,,
Ephixa & Laura Brehm,Losing You,https://www.youtube.com/watch?v=9vN534jMCUU,,,,
Equilibrium,Waldschrein,https://www.youtube.com/watch?v=vHy81GG6k2o,,,,
Extremoduro,Golfa,https://www.youtube.com/watch?v=lxwVKmAjceY,,,,
Extremoduro,La Vereda de la Puerta de Atrás,https://www.youtube.com/watch?v=pM3JPhWApvY,,,,
FAUN,Federkleid,https://www.youtube.com/watch?v=zOvsyamoEDg,,,0:00:07,0:04:15
Florence & Dizzee Rascal,You Got the Love,https://www.youtube.com/watch?v=ZMr3cmzGfyE,,,,
Florence + The Machine,"No Light, No Light",https://www.youtube.com/watch?v=HGH-4jQZRcc,,,,
Fluke,Absurd,https://www.youtube.com/watch?v=hGVpT959Np4,,,,
Foo Fighters,Learn to Fly,https://www.youtube.com/watch?v=MOQV__Z55eE,,,,
Foo Fighters,Times Like These,https://www.youtube.com/watch?v=rhzmNRtIp8k,,,,
FreddeGredde,Wind Waker Unplugged,https://www.youtube.com/watch?v=uRv8gnBMiWM,,,,
Garry Schyman,Praan,https://www.youtube.com/watch?v=CkWSqdoHyC8,,,0:00:00,0:04:20
Global Deejays,The Sound of San Francisco,https://www.youtube.com/watch?v=WNnD2MWoPNI,,,0:01:05,0:03:40
God is an Astronaut,End of the Begining,https://www.youtube.com/watch?v=U-N9kOMyod4,,,,
God is an Astronaut,Route 666,https://www.youtube.com/watch?v=BhauRX9gLC0,,,,
GoGo Penguin,Hopopono,https://www.youtube.com/watch?v=-UtAV_azaBc,,,,
Imagine Dragons,Radioactive,https://www.youtube.com/watch?v=ktvTqknDobU,,,0:00:05,0:03:31
Imogen Heap,Daylight Robbery,https://www.youtube.com/watch?v=qiwVpFlRaZ0,,,,
In Flames,Moonshield,https://www.youtube.com/watch?v=IJd8H0YtaeE,,,,
Indila,Love Story,https://www.youtube.com/watch?v=DF3XjEhJ40Y,,,0:00:24,0:04:39
Indila,Dernière Danse,https://www.youtube.com/watch?v=K5KAc5CoCuk,,,0:00:00,0:03:29
Inna Truu,Blender,https://youtu.be/1Mf_FlKb1PE?si=yiXlwDwhNXWGybxB,,,,
Jean,Come,https://www.youtube.com/watch?v=KDXOzr0GoA4,,,,
Jess Glynne,I'll Be There,https://www.youtube.com/watch?v=iQp1_GfDhwQ,2018,Always in Between,,
Jethro Tull,Thick As a Brick,https://www.youtube.com/watch?v=ldXdnZtTWp8,,,,
Joan Manuel Serra,"Cantares (Caminante, No Hay Camino)",https://www.youtube.com/watch?v=8tHLw8FHlCE,,,,
John Denver,"Take Me Home, Country Road",https://www.youtube.com/watch?v=uu7j_xljCRY,,,,
Kelis,Acapella,https://www.youtube.com/watch?v=U8D9xCBcfzw,,,,
Kenji Kawai,Making of Cyborg (Ghost in the Shell),https://www.youtube.com/watch?v=iTPNaUsjksM,,,,
Kenya Grace,Strangers,https://www.youtube.com/watch?v=S2TaAcwC_zI,2023,The After Taste,,
Koji Kondo,Zelda Medley,https://www.youtube.com/watch?v=u3fF8zSaxe4,,,0:00:02,0:04:52
Kopiklaani,Kipumylly,https://www.youtube.com/watch?v=aM-NFsN15HA,,,0:00:00,0:03:42
LA NIÑA,GUAPPARÌA,https://www.youtube.com/watch?v=Wv95QcaQ4VQ,,,,
LA NIÑA,MAMMAMA,https://www.youtube.com/watch?v=PEwvlaJtzOk,,,0:00:14,0:02:24
La Roux,Bulletproof,https://www.youtube.com/watch?v=Kk8eJh4i8Lo,2009,La Roux,,
Lady Antebellum,Need You Now,https://www.youtube.com/watch?v=eM213aMKTHg,2009,Need You Now,,
Laurie Anderson,O Superman,https://www.youtube.com/watch?v=Vkfpi2H8tOE,,,,
Led Zeppelin,Stairway to Heaven (Orquestal remix),https://www.youtube.com/watch?v=2cZ_EFAmj08,,,0:00:18,0:05:52
Limp Bizkit,Behind Blue Eyes,https://www.youtube.com/watch?v=DOV7mm3zHZ4,2003,Results May Vary,,
Linkin Park,Enjoy the Silence,https://www.youtube.com/watch?v=9l62BmctEdI,2002,Meteora,,
Linkin Park,In the End,https://www.youtube.com/watch?v=eVTXPUF4Oz4,2001,Hybrid Theory,,
Linkin Park,Numb,https://www.youtube.com/watch?v=kXYiU_JCYtU,2003,Meteora,,
Liquido,Narcotic,https://www.youtube.com/watch?v=PJ7E40Ec5ec,,,0:00:02,0:03:46
Lisa Gerrard,Now We Are Free,https://www.youtube.com/watch?v=mQQKZ5cgybU,,,,
Loreena McKennitt,The Mummers' Dance,https://www.youtube.com/watch?v=qxTpvA-pUG0,1996,The Book of Secrets,,
Luar Na Lubre,Romeiro Ao Lonxe,https://www.youtube.com/watch?v=d1eZPb-4rGA,,,,
Ludovico Eunaidi,Divenire,https://www.youtube.com/watch?v=b8SkX9CSJQo,,,,
Ludovico Eunaidi,Expirience,https://www.youtube.com/watch?v=1e9B31FLT-s,,,,
Lykke Li,I Follow Rivers,https://www.youtube.com/watch?v=K3JGxj2rvAs,,,,
M.O.O.N.,Hydrogen,https://www.youtube.com/watch?v=SNE2oCZH_4k,,,,
Madonna,Frozen,https://www.youtube.com/watch?v=XS088Opj9o0,,,,
Mantus,Staub,https://www.youtube.com/watch?v=MDHfHXDrSQw,,,,
Massive Attack,Teardrop,https://www.youtube.com/watch?v=Tb0MC0jFv6M,,,,
Maybeshewill,"In Another Life, When We Are Both Cats",https://www.youtube.com/watch?v=Uo2obgOHJhM,,,,
Metallica,Nothing Else Matters,https://www.youtube.com/watch?v=ozXZnwYTMbs,,,,
MEUTE,Araya,https://www.youtube.com/watch?v=sdVpRvf-Vpc,,,,
MEUTE,Gula (Deadmau5 rework),https://www.youtube.com/watch?v=IOvRvRyyah8,,,,
MEUTE,Loss of Hope (Innellea Rework),https://www.youtube.com/watch?v=QGClnYQYFq4,,,,
MEUTE,Slip (Deadmau5 rework),https://www.youtube.com/watch?v=NMefxohehPQ,,,,
Michael Nyman,The Promise,https://www.youtube.com/watch?v=toOShA7omUk,,,,
Miley Cyrus,Jolene,https://www.youtube.com/watch?v=wOwblaKmyVw,,,,
Mint Royale,Singin' in the Rain,https://www.youtube.com/watch?v=fEkATMOl6WU,,,,
Moby,Porcelain,https://www.youtube.com/watch?v=13EifDb4GYs,,,,
Molchat Doma,Sudno,https://www.youtube.com/watch?v=G_ozrFq93RI,,,,
Moonspell,EuroticA,https://www.youtube.com/watch?v=uWCuzg9Np7U,1998,SIN / Pecado,,
Moonspell,Opium,https://www.youtube.com/watch?v=vyxihBrcg0g,1996,Irreligious,,
Morttagua,The Mantra,https://www.youtube.com/watch?v=4T_eu2NdFdM,,,,
Mumford & Sons,I Will Wait,https://www.youtube.com/watch?v=rGKfrgqWcv0,2012,Babel,,
Muse,Knights of Cydonia,https://www.youtube.com/watch?v=G_sBOsh-vyI,,,,
Muse,Undisclosed Desires,https://www.youtube.com/watch?v=47P6CI7V8gM,,,,
Muse,Uprising,https://www.youtube.com/watch?v=w8KQmps-Sog,,,,
N'to,Trauma (Woralks remix),https://youtu.be/lPVBrRd9wCo?si=kzYDZvGMvB-8kPKh,,,,
N3b,Ashes,https://www.youtube.com/watch?v=3yVlFe6MjO4,,,,
N3b,Silver Lane,https://www.youtube.com/watch?v=K4qlPKIgKco,,,,
N3b,The Cycle,https://www.youtube.com/watch?v=76tE3OECV4Y,,,,
Najwa Nirmi,Dead for You,https://www.youtube.com/watch?v=ePiHC2S7fDM,,,,
Nanowar of Steel ft. Angus McFife,Valhalleluja,https://www.youtube.com/watch?v=S9WWz95ripA,,,,
Nathan Evans,Wellerman,https://www.youtube.com/watch?v=qP-7GNoDJ5c,,,,
Natty Bong,Blue Jeans (Lana del Rey),https://www.youtube.com/watch?v=iN7RWeUY2Xg,,,,
Nemo,The Code,https://www.youtube.com/watch?v=kiGDvM14Kwg,,,,
Nigel Kennedy,Ajde Jano,https://www.youtube.com/watch?v=OcPg6TRRouw,,,0:00:00,0:04:20
Nightwish,The Islander,https://www.youtube.com/watch?v=--tFFz44zvc,2008,Dark Passion Play,,
Nobuyoshi Sano,Grip (Ridge Racer 2),https://www.youtube.com/watch?v=lOjxxjXVml8,,,,
Nobuyoshi Sano,Grip (remix),https://www.youtube.com/watch?v=BLIhyyV39Ms,,,,
ODESZA,Behing the Sun,https://www.youtube.com/watch?v=43HOnc3nZ5s,2022,The Last Goodbye,,
Ojete Calor ft. Ana Belén,Agapimú,https://www.youtube.com/watch?v=5x37mEL_PJY,,,0:00:44,0:03:22
Omiki,Na Le (Phaxe Remix),https://www.youtube.com/watch?v=AYaL4RU9Vzk,,,,
Orbital,Copenhagen,https://www.youtube.com/watch?v=si5WxvxOrZM,,,,
Orbital,One Perfect Sunrise,https://www.youtube.com/watch?v=KGXgCuTCrj8,,,,
Origa,Inner Universe (GitS SAC),https://www.youtube.com/watch?v=QxkMzn4et2U,,,,
Orphaned Land,All Is One,https://www.youtube.com/watch?v=Bds3FALcR7M,,,,
Outwork feat. Mr. Gee,Elektro,https://www.youtube.com/watch?v=Dd7e82ReE5U,,,,
Perturbator,Diabolus Ex Machina,https://www.youtube.com/watch?v=xpwX6vjrG68,,,,
Piperrak,Kualkier Día,https://www.youtube.com/watch?v=oqs3R4UYZsE,,,,
Porcupine Tree,Blackest Eyes,https://www.youtube.com/watch?v=Nfql0PyA8D0,,,,
Project Pitchfork,Rain,https://www.youtube.com/watch?v=hCPVLjrHDTs,2013,Black,,
"Purple Disco Machine, Sophie and The Giants",Hypnotized (Visualiser),https://www.youtube.com/watch?v=VbQqV8_Ykow,,,,
Radiohead (Amarillo114 remix),Creep,https://youtu.be/w674TzaClEs?si=JH_zWTSD0MyRhS7H,,,,
Ramin Djawadi and Serj Tankian,Rains of Castamere,https://www.youtube.com/watch?v=cZaGYphtr7E,,,,
Rammstein,Sonne,https://www.youtube.com/watch?v=StZcUAPRRac,2001,Mutter,,
Rammstein,Engel,https://www.youtube.com/watch?v=x2rQzv8OWEY,,,,
RAZZ,Youth & Enjoyment,https://www.youtube.com/watch?v=SHbGSoQy1I8,,,,
Rihanna,Shut Up and Drive (Wideboys remix),https://www.youtube.com/watch?v=UVAtSFjc3RE,,,,
Rob Dougan,Clubbed to Death,https://www.youtube.com/watch?v=WxY7O4eFHRk,,,,
Rob Zombie,Dragula,https://www.youtube.com/watch?v=EqQuihD0hoI,,,,
Robbie Williams,Millennium,https://www.youtube.com/watch?v=piT5ih6DzWo,,,,
Robert Miles,Children,https://www.youtube.com/watch?v=DvyCbevQbtI,,,,
Robin Williams,She's Madonna,https://www.youtube.com/watch?v=zkCuC7SPRLI,,,,
Rotting Christ,Xibalba,https://www.youtube.com/watch?v=wdasUo-RDJA,,,,
Roya,Cruise,https://www.youtube.com/watch?v=StLzbLbHrG0,,,,
Rudimental feat. John Newman,Feel the Love,https://www.youtube.com/watch?v=oABEGc8Dus0,,,0:00:00,0:03:54
RÜFÜS DU SOL,Innerbloom,https://www.youtube.com/watch?v=Tx9zMFodNtA,,,,
Scanners,Pure,https://www.youtube.com/watch?v=RtakuwKqdps,,,,
Schandmaul,Walpurgisnacht,https://www.youtube.com/watch?v=xYubLwVzFZo,,,0:00:00,0:04:02
Seal,Crazy,https://www.youtube.com/watch?v=4Fc67yQsPqQ,,,,
Semisonic,Closing Time,https://www.youtube.com/watch?v=xGytDsqkQY8,,,,
Sia,Breath,https://www.youtube.com/watch?v=ghPcYqn0p4Y,,,,
Sia,Elastic Heart,https://www.youtube.com/watch?v=noHygl5CGEY,,,,
Sigma feat. Birdy,Find Me,https://www.youtube.com/watch?v=Ec92Wa8zJs8,2016,Hope,,
Sigur Rós,Hoppípolla,https://www.youtube.com/watch?v=JAYb8ZyjzD0,2005,Takk…,,
Sigur Rós,Sæglópur,https://www.youtube.com/watch?v=qiFgfPiJHyA,2005,Takk…,,
SKÁLD,Rún,https://www.youtube.com/watch?v=s9NIBZfVBW4,,,,
Slipknot,Wait and Bleed,https://www.youtube.com/watch?v=Rvy2UKL9-8c,,,,
Snow Patrol,Chasing Cars,https://www.youtube.com/watch?v=GemKqzILV4w,,,,
"Sofia Tukker, María Merender & Sophia A",Veneno,https://www.youtube.com/watch?v=notKGLbNYFM,,,,
Sopor Aeternus, In Der Palästra,https://www.youtube.com/watch?v=XwsJlUdklmk,,,0:00:09,0:08:10
Steve Conte & Yoko Kanno,True Love (Brain Powerd Opening),https://www.youtube.com/watch?v=hQnWeBtWcIQ,,,,
Stromae,Carmen,https://www.youtube.com/watch?v=UKftOH54iNU,,,,
Stromae,Formidable,https://www.youtube.com/watch?v=P__34xBpNIA,,,,
Stromae & Pomme,Ma Meilleure Ennemie,https://www.youtube.com/watch?v=1F3OGIFnW1k,,,,
Susumu Hirasawa,Yume no Shima Shinen Kouen (Paranoia Agent Opening),https://www.youtube.com/watch?v=9aE5MFaDQ2E,,,,
System of a Down,Aerials,https://www.youtube.com/watch?v=zk62uUqcNyo,2001,Toxicity,,
System of a Down,Chop Suey!,https://www.youtube.com/watch?v=CSvFpBOe8eY,2001,Toxicity,,
System of a Down,Lonely Day,https://www.youtube.com/watch?v=DnGdoEa1tPg,2006,,,
System of a Down,Toxicity,https://www.youtube.com/watch?v=iywaBOMvYLI,2001,Toxicity,,
The Chemical Brothers,Elektrobank,https://www.youtube.com/watch?v=OeAZyu2zh0Q,1997,Dig Your Own Hole,,
The Crystal Method,Blowout,https://www.youtube.com/watch?v=ex5ydFrvFZE,1999,Tweekend,,
The Dubliners,Molly Malone,https://www.youtube.com/watch?v=iT-IfGokcCI,,,,
The Killers,Mr. Brightside,https://www.youtube.com/watch?v=gGdGFtwCNBE,2003,Hot Fuss,,
The Prodigy,Climbatize,https://www.youtube.com/watch?v=HuZTEsvgQko,1997,The Fat of the Land,,
The Prodigy,Narayan,https://www.youtube.com/watch?v=bzVjZu4fl4o,1997,The Fat of the Land,,
The Prodigy,Omen,https://www.youtube.com/watch?v=ySfbujeCSvI,2009,Invaders Must Die,,
The Prodigy,Wild Frontier,https://www.youtube.com/watch?v=GVV06jTYjeY,2015,The Day Is My Enemy,,
The Prodigy,Out of Space,https://www.youtube.com/watch?v=a4eav7dFvc8,,,,
The Qemists,Tomcat,https://www.youtube.com/watch?v=TlXA7cqNjCg,,,,
The Ramparts,The Rocky Road to Dublin,https://www.youtube.com/watch?v=2yKLnfYqOIs,,,0:00:15,0:03:10
The Smashing Pumpkins,1979,https://www.youtube.com/watch?v=4aeETEoNfOg,1996,Mellon Collie and the Infinite Sadness,,
The Smashing Pumpkins,"Tonight, Tonight",https://www.youtube.com/watch?v=NOG3eus4ZSo,1996,Mellon Collie and the Infinite Sadness,,
The Temper Trap,Sweet Disposition,https://www.youtube.com/watch?v=0Us2amaAcIQ,,,,
The Weeknd,Blinding Lights,https://www.youtube.com/watch?v=fHI8X4OXluQ,2019,After Hours,,
The Witcher 3,Trailer Song,https://www.youtube.com/watch?v=uFJZPjEwmwk,,,,
The XX,Intro,https://www.youtube.com/watch?v=xMV6l2y67rk,,,0:00:00,0:02:02
TheFatRat feat. Laura Brehm,MAYDAY,https://www.youtube.com/watch?v=DT61L8hbbJ4,,,,
Tierra Santa,La Canción del Pirata,https://www.youtube.com/watch?v=fJ9WhUfR7D4,,,,
Tim van Werd,Believe,https://www.youtube.com/watch?v=ldpxCUXCeGI,,,0:00:00,0:03:56
Tom Odell,Another Love,https://www.youtube.com/watch?v=MwpMEbgC7DA,2012,Long Way Down,,
Tracy Chapman,Fast Car,https://www.youtube.com/watch?v=AIOAlaACuv4,1987,Tracy Chapman,,
Trash80,Chip 2 Bit,https://www.youtube.com/watch?v=n5rhjp25CNk,,,,
Trent Reznor,Nun with a Motherfucking Gun (Watchmen BSO),https://www.youtube.com/watch?v=zvdWohmGiFw,,,,
Twenty One Pilots,Lane Boy,https://www.youtube.com/watch?v=ywvRgGAd2XI,,,,
U2,Beautiful Day,https://www.youtube.com/watch?v=co6WMzDOh1o,2000,All That You Can't Let Behind,,
Underworld,Born Slippy,https://www.youtube.com/watch?v=XiMrrleH_hI,1996,,,
Underworld,Rez Cowgirl,https://www.youtube.com/watch?v=t_AFmaNUgx4,,,,
UNKLE feat. Ian Astbury,Burn My Shadow (Junkie XL Mix),https://www.youtube.com/watch?v=1Kbdayv5wlM,,,,
Wardruna & Aurora,Helvegen (live),https://www.youtube.com/watch?v=FnkTuHP9q3o,,,,
We Are All Astronauts,Ether,https://www.youtube.com/watch?v=-fFbeSykaJk,,,,
Will Ferrell & My Marianne,Husavik,https://www.youtube.com/watch?v=qjuphuG3ndw,,,,
Within Temptation feat. Xzibit,And We Run,https://www.youtube.com/watch?v=W_hfA93BafU,,,,
Wookdik,Iron,https://www.youtube.com/watch?v=vSkb0kDacjs,,,,
Wookdik,Run Boy Run,https://www.youtube.com/watch?v=lmc21V-zBq0,,,,
Yann Tiersen,Comptine d'un Autre Été,https://www.youtube.com/watch?v=I0cZukTFXNw,,,,
Yasuharu Takanashi,Girei (Pain's Theme Naruto),https://www.youtube.com/watch?v=PCfiqY05BpA,,,,
Zorba the Greek,Sirtaki,https://www.youtube.com/watch?v=dzlcxN0lxSo,,,,
Κωνσταντίνος Αργυρός,Ελεύθερος,https://www.youtube.com/watch?v=_TQKxSgo10Y,,,0:00:00,0:03:40
Dj Fresh,Gold Dust,https://www.youtube.com/watch?v=RNuUgbUzM8U,,,0:00:13,0:03:14
Yoshio Akeboshi,Wind (Naruto ending),https://youtu.be/wzoIZO8WbI8?si=U1wIySiacZ9PXJ5S,,,0:00:00,0:01:30
Poppy,New Way Out,https://youtu.be/OqVNYcaS-3E?si=lpHCWcZAfASmqITU,,,,
Taylor Swift,The Fate of Ophelia,https://youtu.be/ko70cExuzZM?si=erC78_5x70Y6dC9t,,,0:00:14,0:03:58
Future Dynamic & Paul Stone,Messy Hopes,https://www.youtube.com/watch?v=P2Er5yUUlfE,,,,